{
  "client\\eslint.config.js": 1775653188.8542776,
  "client\\vite.config.js": 1776024492.918153,
  "client\\src\\App.jsx": 1776597998.4759154,
  "client\\src\\main.jsx": 1776024475.7876003,
  "client\\src\\components\\landing\\BrandCheck\\BrandCheck.jsx": 1776503702.2705727,
  "client\\src\\components\\MarketingFooter\\MarketingFooter.jsx": 1776511604.3797781,
  "client\\src\\components\\NewsletterSignup\\NewsletterSignup.jsx": 1776533700.3665068,
  "client\\src\\components\\OnboardingWizard\\OnboardingWizard.jsx": 1776349813.0821009,
  "client\\src\\components\\PageMeta\\PageMeta.jsx": 1776370899.1934004,
  "client\\src\\components\\PublicNav\\PublicNav.jsx": 1776517738.0160186,
  "client\\src\\components\\ScoreCard\\ScoreCard.jsx": 1776371448.4502559,
  "client\\src\\components\\ui\\index.js": 1776024353.1339073,
  "client\\src\\components\\ui\\LogoMonogram.jsx": 1776245165.2957463,
  "client\\src\\components\\ui\\LogoWordmark.jsx": 1776503646.4588647,
  "client\\src\\components\\ui\\Badge\\Badge.jsx": 1776024350.3564055,
  "client\\src\\components\\ui\\Button\\Button.jsx": 1776024328.8761728,
  "client\\src\\components\\ui\\Card\\Card.jsx": 1776024342.7109559,
  "client\\src\\components\\ui\\HintCallout\\HintCallout.jsx": 1776349850.7118793,
  "client\\src\\components\\ui\\Input\\Input.jsx": 1776024336.444094,
  "client\\src\\components\\ui\\SupportChat\\SupportChat.jsx": 1776285943.5770588,
  "client\\src\\components\\UpgradeGate\\UpgradeGate.jsx": 1776518720.2437592,
  "client\\src\\hooks\\useIntersection.js": 1776252835.3819363,
  "client\\src\\layouts\\AppLayout\\AppLayout.jsx": 1776598004.0431604,
  "client\\src\\layouts\\AuthLayout\\AuthLayout.jsx": 1776519917.6971328,
  "client\\src\\lib\\api.js": 1776328146.4017327,
  "client\\src\\lib\\auth.js": 1776025543.1156151,
  "client\\src\\lib\\AuthContext.jsx": 1776025546.8537652,
  "client\\src\\lib\\RequireAdmin.jsx": 1776527110.5070698,
  "client\\src\\lib\\RequireAuth.jsx": 1776025549.8687203,
  "client\\src\\pages\\Admin\\AdminDashboard.jsx": 1776526912.738047,
  "client\\src\\pages\\Admin\\AdminLayout.jsx": 1776533656.3219707,
  "client\\src\\pages\\Admin\\AdminPlaceholder.jsx": 1776526925.9543765,
  "client\\src\\pages\\Admin\\EditorialHome.jsx": 1776533478.6673524,
  "client\\src\\pages\\Admin\\EditorialSession.jsx": 1776533546.5669532,
  "client\\src\\pages\\Admin\\Skills.jsx": 1776533579.0301208,
  "client\\src\\pages\\Admin\\VoiceMemory.jsx": 1776533567.7768254,
  "client\\src\\pages\\Audit\\AuditPage.jsx": 1776597890.404477,
  "client\\src\\pages\\Author\\Author.jsx": 1776540444.5738137,
  "client\\src\\pages\\Blog\\BlogArticle.jsx": 1776540415.1430633,
  "client\\src\\pages\\Blog\\BlogIndex.jsx": 1776510684.943056,
  "client\\src\\pages\\Coach\\CoachPage.jsx": 1776597954.020509,
  "client\\src\\pages\\Compare\\Compare.jsx": 1776540781.4984071,
  "client\\src\\pages\\Connections\\Connections.jsx": 1776343697.4090233,
  "client\\src\\pages\\Dashboard\\Dashboard.jsx": 1776371488.3725288,
  "client\\src\\pages\\GapTracker\\GapTracker.jsx": 1776077875.3446896,
  "client\\src\\pages\\Honesty\\Honesty.jsx": 1776510873.304922,
  "client\\src\\pages\\Landing\\Landing.jsx": 1776544497.8893847,
  "client\\src\\pages\\Login\\Login.jsx": 1776516817.1187496,
  "client\\src\\pages\\Negotiations\\DealModal.jsx": 1776324866.7618463,
  "client\\src\\pages\\Negotiations\\Negotiations.jsx": 1776349898.8071375,
  "client\\src\\pages\\Niche\\NichePage.jsx": 1776593403.6904356,
  "client\\src\\pages\\Onboarding\\Onboarding.jsx": 1776371110.652901,
  "client\\src\\pages\\Outreach\\BrandModal.jsx": 1776324471.8672645,
  "client\\src\\pages\\Outreach\\Outreach.jsx": 1776170284.2899618,
  "client\\src\\pages\\Pricing\\Pricing.jsx": 1776544473.3419,
  "client\\src\\pages\\Score\\ScoreForm.jsx": 1776517683.739461,
  "client\\src\\pages\\ScoringMethodology\\ScoringMethodology.jsx": 1776509473.0493996,
  "client\\src\\pages\\Signup\\Signup.jsx": 1776533836.6865933,
  "client\\src\\pages\\Static\\StaticPage.jsx": 1776509597.9366744,
  "client\\src\\pages\\Tasks\\Tasks.jsx": 1776349888.9217649,
  "scripts\\audit-internal-links.js": 1776541588.9475439,
  "scripts\\copy-assets.ps1": 1776018886.5101032,
  "scripts\\generate-report-pdf.js": 1776598209.5095665,
  "scripts\\get-profiles.js": 1776107968.394453,
  "scripts\\migrate.js": 1776541262.557812,
  "scripts\\prerender.js": 1776541439.8365722,
  "scripts\\previewDigestEmail.js": 1776284468.5318382,
  "scripts\\trigger-sync.js": 1776107973.982019,
  "src\\app.js": 1776597671.999483,
  "src\\agents\\commercialCoach\\coach.js": 1776597810.8240378,
  "src\\agents\\commercialCoach\\tools.js": 1776597780.284092,
  "src\\agents\\newsletter\\ai-for-creators-digest.js": 1776533145.7879827,
  "src\\agents\\newsletter\\creator-economy-digest.js": 1776533135.1903455,
  "src\\agents\\newsletter\\editorial-composer.js": 1776533175.775363,
  "src\\agents\\newsletter\\runner.js": 1776533118.6961322,
  "src\\agents\\newsletter\\skills-loader.js": 1776533057.2454903,
  "src\\agents\\newsletter\\tools.js": 1776533097.4604583,
  "src\\db\\pool.js": 1776024855.924555,
  "src\\domains\\admin\\adminRoutes.js": 1776533622.9947116,
  "src\\domains\\auth\\authRoutes.js": 1776516836.2450464,
  "src\\domains\\auth\\authService.js": 1776516766.5196016,
  "src\\domains\\billing\\billingRoutes.js": 1776518756.6824193,
  "src\\domains\\billing\\billingService.js": 1776516779.0676022,
  "src\\domains\\blog\\blogRoutes.js": 1776501571.8414612,
  "src\\domains\\brands\\brandsRoutes.js": 1776516944.7228298,
  "src\\domains\\brands\\brandsService.js": 1776162775.329711,
  "src\\domains\\commercialCoach\\auditRoutes.js": 1776597668.852492,
  "src\\domains\\commercialCoach\\coachRoutes.js": 1776597825.3687332,
  "src\\domains\\compare\\compareRoutes.js": 1776540722.900768,
  "src\\domains\\creator\\nicheRoutes.js": 1776090976.924684,
  "src\\domains\\creator\\recommendationRoutes.js": 1776109376.9465415,
  "src\\domains\\creator\\scoreRoutes.js": 1776346407.8123312,
  "src\\domains\\creator\\tagRoutes.js": 1776326977.2933772,
  "src\\domains\\creator\\taskRoutes.js": 1776516932.594938,
  "src\\domains\\gapTracker\\gapTrackerRoutes.js": 1776516910.1016805,
  "src\\domains\\gapTracker\\gapTrackerService.js": 1776089296.0714512,
  "src\\domains\\gmail\\gmailRoutes.js": 1776288289.555544,
  "src\\domains\\negotiations\\negotiationsRoutes.js": 1776516957.8870046,
  "src\\domains\\negotiations\\negotiationsService.js": 1776163158.7489426,
  "src\\domains\\newsletter\\newsletterRoutes.js": 1776527306.9195297,
  "src\\domains\\platforms\\platformConnectRoutes.js": 1776339242.1486075,
  "src\\domains\\platforms\\platformConnectService.js": 1776339281.9818206,
  "src\\domains\\programmatic\\programmaticRoutes.js": 1776541289.2609682,
  "src\\domains\\public\\claimRoutes.js": 1776518423.288881,
  "src\\domains\\public\\ogImage.js": 1776519180.5902221,
  "src\\domains\\public\\publicRoutes.js": 1776541472.6354477,
  "src\\domains\\public\\scoreCardRoutes.js": 1776518534.4581065,
  "src\\domains\\support\\supportRoutes.js": 1776285894.5778646,
  "src\\jobs\\queue.js": 1776075513.3081293,
  "src\\jobs\\workers\\contentAnalysis.js": 1776095205.9605432,
  "src\\jobs\\workers\\emailDigest.js": 1776284009.6460085,
  "src\\jobs\\workers\\gmailSync.js": 1776288310.7838013,
  "src\\jobs\\workers\\ingestionFetcher.js": 1776527351.1222215,
  "src\\jobs\\workers\\newsletterDigests.js": 1776533188.3666148,
  "src\\jobs\\workers\\platformSync.js": 1776343858.002628,
  "src\\jobs\\workers\\recommendationEngine.js": 1776106833.0215545,
  "src\\jobs\\workers\\retentionNotifications.js": 1776346219.394709,
  "src\\jobs\\workers\\tagDetection.js": 1776326960.9771779,
  "src\\jobs\\workers\\taskCadence.js": 1776343840.8664434,
  "src\\jobs\\workers\\viabilityScoring.js": 1776346394.7874703,
  "src\\lib\\crypto.js": 1776062603.9475071,
  "src\\lib\\dimensionLevels.js": 1776518543.2636766,
  "src\\lib\\prisma.js": 1776079013.1085708,